<?xml version="1.0" encoding="UTF-8"?>
<project-private xmlns="http://www.netbeans.org/ns/project-private/1">
    <editor-bookmarks xmlns="http://www.netbeans.org/ns/editor-bookmarks/2" lastBookmarkId="0"/>
    <open-files xmlns="http://www.netbeans.org/ns/projectui-open-files/2">
        <group>
            <file>file:/C:/Users/Manu/Desktop/MRB-PCD/Proyecto%201/P8/src/p8/Generador.java</file>
            <file>file:/C:/Users/Manu/Desktop/MRB-PCD/Proyecto%201/P8/src/p8/PInfeccioso.java</file>
            <file>file:/C:/Users/Manu/Desktop/MRB-PCD/Proyecto%201/P8/src/p8/Centro.java</file>
            <file>file:/C:/Users/Manu/Desktop/MRB-PCD/Proyecto%201/P8/src/p8/CanvasCentro.java</file>
            <file>file:/C:/Users/Manu/Desktop/MRB-PCD/Proyecto%201/P8/src/p8/PNormal.java</file>
            <file>file:/C:/Users/Manu/Desktop/MRB-PCD/Proyecto%201/P8/src/p8/Limpiador.java</file>
        </group>
    </open-files>
</project-private>
